firstname,lastname,id,coachname
Gabriela,Herrera,12345,hola
Andoni,Mazeika,29195351,jose Muñoz
José,Muñoz,29074497,Maria
Prueba,1,123,Prueba A
prueba,herrera,0000,prueba1
Test,LTT,2021,Test5
Test,Ltt,2021,Teste5
Teste G,Prueba,2801,Jose Test
Test,Gaby,123,Jose
José,Muñoz,29074497,Ricardo & Lucy
Jenny,Fernández,29074497,Ricardo y Lucy
Maria Vizcarrondo,Vizcarrondo,29002033,Fernando Rancel
Hola,herrera,9990,jose test
Name,Surname,Herablifeid,Couch name
Jshs,Hshs,Hehs,Hdhs
Tfh,Herrera,28012001,Jose A PRUEBA
Test,Prueba,8888,Testprueba
nona,nona,noa,noa
